Games,pass_completion,pass_attempts,pass_completion_percent,pass_yards,pass_td,rush_attempt,rush_yards,avg_rush_yard,rush_td,num_plays,total_yard,yard_per_play,pass_first_down,rush_first_down,penalty_first,first_downs,penalty,penalty_yards,lost_fumble,interceptions,turnovers,SRS,SOS,de_pass_completion,de_pass_attempts,de_pass_completion_percent,de_pass_yards,de_pass_td,de_rush_attempt,de_rush_yards,de_avg_rush_yard,de_rush_td,de_num_plays,de_total_yard,de_yard_per_play,de_pass_first_down,de_rush_first_down,de_penalty_first,de_first_downs,de_penalty,de_penalty_yards,de_lost_fumble,de_interceptions,de_turnovers,team_name
7,3.4,4.7,72.7,88.4,0.7,57.9,306.0,5.3,3.4,62.6,394.4,6.3,2.9,16.9,1.1,20.9,3.0,25.3,0.7,0.0,0.7,11.59,-5.27,16.1,26.7,60.4,154.3,1.3,28.4,69.1,2.4,0.6,55.1,223.4,4.1,7.0,5.6,1.0,13.6,4.9,37.1,0.4,0.7,1.1,air-force
8,21.6,35.4,61.1,188.9,0.8,29.1,91.1,3.1,0.9,64.5,280.0,4.3,7.6,7.8,1.1,16.5,7.3,58.6,0.8,1.5,2.3,-19.3,-7.68,15.5,28.9,53.7,193.3,1.8,35.8,147.9,4.1,1.9,64.6,341.1,5.3,8.4,7.0,1.9,17.3,4.9,46.1,0.5,0.8,1.3,akron
8,14.1,22.9,61.7,219.5,1.6,39.4,147.1,3.7,1.6,62.3,366.6,5.9,8.5,8.5,1.6,18.6,6.1,49.1,0.4,0.6,1.0,18.52,6.9,19.3,31.8,60.6,197.6,1.3,35.3,108.8,3.1,0.5,67.0,306.4,4.6,8.3,7.0,1.4,16.6,5.4,42.0,0.4,0.9,1.3,alabama
7,20.9,34.0,61.3,265.0,2.4,40.1,179.6,4.5,1.3,74.1,444.6,6.0,13.0,9.0,2.1,24.1,4.6,39.3,0.7,0.7,1.4,-0.58,-2.72,18.6,29.1,63.7,207.1,1.1,36.1,193.1,5.3,2.3,65.3,400.3,6.1,8.6,9.9,0.9,19.3,7.3,71.1,0.3,1.0,1.3,appalachian-state
7,26.0,36.0,72.2,287.6,2.4,33.0,164.7,5.0,1.4,69.0,452.3,6.6,13.0,9.7,2.0,24.7,7.4,61.4,0.4,1.0,1.4,8.04,0.19,19.1,30.1,63.5,236.9,0.7,31.6,96.0,3.0,1.9,61.7,332.9,5.4,10.0,4.9,3.1,18.0,8.1,74.0,0.9,0.3,1.1,arizona
7,22.7,39.4,57.6,249.6,0.9,30.9,93.7,3.0,1.1,70.3,343.3,4.9,10.0,7.0,1.7,18.7,5.6,53.6,0.7,1.3,2.0,-5.96,3.33,21.1,34.7,60.9,225.3,1.4,30.9,106.7,3.5,1.1,65.6,332.0,5.1,9.9,6.6,1.9,18.3,8.0,62.6,0.4,0.3,0.7,arizona-state
8,18.1,27.6,65.6,196.9,1.9,37.3,109.0,2.9,0.8,64.9,305.9,4.7,8.4,7.5,1.4,17.3,6.6,57.1,0.3,0.9,1.1,3.48,3.6,15.1,24.8,61.1,201.4,1.6,36.0,131.6,3.7,0.8,60.8,333.0,5.5,8.5,7.1,2.3,17.9,5.5,42.9,0.5,1.0,1.5,arkansas
7,15.9,28.4,55.8,220.6,1.7,34.1,140.7,4.1,0.9,62.6,361.3,5.8,9.7,7.1,1.7,18.6,6.4,62.1,0.4,0.7,1.1,-3.67,0.19,22.6,31.4,71.8,264.6,1.7,38.6,191.9,5.0,2.3,70.0,456.4,6.5,10.0,9.1,2.3,21.4,6.6,61.7,0.3,0.4,0.7,arkansas-state
7,8.4,16.0,52.7,129.0,0.9,47.3,188.4,4.0,1.6,63.3,317.4,5.0,4.9,10.9,0.9,16.6,2.9,23.0,1.3,1.1,2.4,-4.97,0.46,15.0,25.0,60.0,202.3,1.4,36.9,179.3,4.9,1.7,61.9,381.6,6.2,8.0,8.7,0.7,17.4,5.3,42.1,0.6,0.6,1.1,army
7,14.0,23.6,59.4,151.0,1.0,40.3,186.0,4.6,2.1,63.9,337.0,5.3,5.9,10.4,1.4,17.7,5.6,44.1,0.6,0.9,1.4,3.38,3.38,17.4,28.1,61.9,214.0,1.3,36.1,157.7,4.4,1.7,64.3,371.7,5.8,8.6,8.3,0.7,17.6,6.7,52.7,0.6,1.3,1.9,auburn
8,16.9,28.0,60.3,159.9,0.9,34.4,135.1,3.9,0.9,62.4,295.0,4.7,7.8,7.5,2.1,17.4,5.6,49.5,0.6,0.9,1.5,-13.52,-3.52,20.4,32.5,62.7,236.9,1.8,32.8,123.3,3.8,1.4,65.3,360.1,5.5,10.9,7.4,2.4,20.6,5.6,49.3,0.4,0.4,0.8,ball-state
7,21.3,38.0,56.0,284.7,0.9,34.4,115.6,3.4,1.1,72.4,400.3,5.5,12.0,7.1,1.1,20.3,4.3,25.9,0.6,0.6,1.1,-1.17,2.98,15.7,25.4,61.8,199.3,1.6,38.4,199.1,5.2,2.3,63.9,398.4,6.2,9.1,9.3,0.4,18.9,4.7,44.1,1.0,0.6,1.6,baylor
7,17.3,30.7,56.3,234.6,1.4,37.1,190.9,5.1,2.3,67.9,425.4,6.3,10.0,10.3,1.6,21.9,4.3,36.9,0.9,1.0,1.9,-1.45,-0.59,22.0,34.3,64.2,304.3,1.9,30.9,124.0,4.0,2.0,65.1,428.3,6.6,11.7,7.3,1.1,20.1,5.7,46.3,0.6,0.6,1.1,boise-state
7,16.0,28.6,56.0,208.3,1.4,42.3,210.0,5.0,2.1,70.9,418.3,5.9,7.9,11.7,2.1,21.7,8.3,72.1,0.3,0.9,1.1,-0.15,0.13,14.7,24.0,61.3,209.7,1.9,37.0,174.9,4.7,2.3,61.0,384.6,6.3,9.7,7.9,2.0,19.6,6.6,54.9,0.7,0.6,1.3,boston-college
8,14.5,25.0,58.0,153.5,1.0,34.0,148.1,4.4,1.4,59.0,301.6,5.1,6.3,8.1,1.5,15.9,7.4,74.4,0.5,1.5,2.0,-2.58,-0.83,15.6,26.0,60.1,195.0,2.0,34.5,135.5,3.9,0.9,60.5,330.5,5.5,8.9,9.1,1.9,19.9,5.8,45.6,1.0,1.5,2.5,bowling-green-state
8,20.4,35.6,57.2,196.3,1.6,34.5,127.8,3.7,1.4,70.1,324.0,4.6,9.6,7.0,1.5,18.1,6.0,51.0,0.3,1.1,1.4,-8.47,-5.97,19.1,30.5,62.7,207.8,2.0,35.9,182.4,5.1,1.4,66.4,390.1,5.9,9.4,8.4,1.4,19.1,5.6,48.8,0.5,1.3,1.8,buffalo
7,18.6,32.6,57.0,222.6,1.9,28.6,79.3,2.8,1.4,61.1,301.9,4.9,10.1,4.4,1.7,16.3,4.9,37.9,0.4,0.6,1.0,3.15,-1.28,21.9,36.1,60.5,246.4,1.9,34.9,150.3,4.3,0.6,71.0,396.7,5.6,11.9,8.0,0.9,20.7,8.0,69.6,0.7,1.6,2.3,brigham-young
7,19.4,34.3,56.7,212.0,1.7,39.9,195.6,4.9,2.3,74.1,407.6,5.5,10.1,10.1,2.1,22.4,5.3,40.7,0.6,1.1,1.7,-0.03,2.54,19.7,30.6,64.5,246.0,2.1,35.1,145.9,4.2,1.6,65.7,391.9,6.0,9.9,7.6,0.9,18.3,5.6,52.0,1.0,1.0,2.0,california
8,16.8,29.3,57.3,188.4,1.0,37.8,138.0,3.7,1.8,67.0,326.4,4.9,8.3,8.8,2.6,19.6,6.1,55.0,0.1,1.1,1.3,-12.45,-6.08,19.1,31.0,61.7,251.3,1.6,31.6,143.8,4.5,1.9,62.6,395.0,6.3,10.1,8.1,1.5,19.8,6.8,56.5,0.1,0.4,0.5,central-michigan
7,14.9,25.3,58.8,166.4,0.6,38.6,140.7,3.6,1.0,63.9,307.1,4.8,7.7,7.3,1.7,16.7,6.9,54.9,0.6,1.1,1.7,-7.58,-0.01,16.3,25.7,63.3,201.6,1.3,34.7,143.6,4.1,1.1,60.4,345.1,5.7,7.1,8.3,1.7,17.1,5.9,48.3,0.3,0.6,0.9,charlotte
7,19.9,32.4,61.2,230.0,2.0,43.3,214.9,5.0,1.1,75.7,444.9,5.9,11.4,10.7,1.1,23.3,6.1,56.4,0.4,1.1,1.6,-1.84,1.73,16.4,29.6,55.6,242.4,1.9,31.1,100.7,3.2,0.9,60.7,343.1,5.7,9.7,6.3,2.0,18.0,5.9,38.9,0.6,0.4,1.0,cincinnati
7,23.9,36.9,64.7,258.4,2.0,38.1,165.7,4.3,1.7,75.0,424.1,5.7,12.9,9.7,1.9,24.4,5.1,45.9,1.4,0.4,1.9,9.71,4.56,18.0,31.7,56.8,172.0,0.9,32.4,104.1,3.2,1.3,64.1,276.1,4.3,7.3,6.1,1.7,15.1,6.0,55.3,0.9,0.9,1.7,clemson
7,22.3,33.0,67.5,292.6,1.6,36.6,154.7,4.2,1.6,69.6,447.3,6.4,11.3,8.6,1.6,21.4,6.1,61.9,0.4,0.9,1.3,2.32,-0.25,18.9,33.1,56.9,251.3,1.7,32.7,149.6,4.6,0.7,65.9,400.9,6.1,10.6,7.7,2.0,20.3,8.3,68.7,0.6,1.1,1.7,coastal-carolina
7,31.4,43.6,72.1,346.1,3.0,32.4,86.3,2.7,1.3,76.0,432.4,5.7,14.3,7.4,3.0,24.7,9.9,80.0,0.4,0.4,0.9,3.52,2.67,27.1,40.9,66.4,316.3,3.0,35.4,157.4,4.4,1.9,76.3,473.7,6.2,14.7,8.6,2.0,25.3,9.1,85.0,0.6,1.1,1.7,colorado
7,28.6,44.9,63.7,336.4,2.4,26.4,78.6,3.0,0.9,71.3,415.0,5.8,15.4,3.9,1.4,20.7,9.0,78.7,0.6,1.9,2.4,-4.7,-1.41,26.9,37.1,72.3,308.0,2.1,40.6,158.7,3.9,1.4,77.7,466.7,6.0,13.0,9.7,2.1,24.9,6.4,59.3,1.4,0.9,2.3,colorado-state
7,17.4,30.1,57.8,188.3,1.1,34.6,141.0,4.1,1.4,64.7,329.3,5.1,8.0,8.6,1.4,18.0,6.3,60.9,1.0,0.6,1.6,-9.67,0.19,21.0,32.1,65.3,244.4,1.4,36.3,156.0,4.3,2.3,68.4,400.4,5.9,11.6,7.3,2.4,21.3,5.6,47.6,0.6,0.6,1.1,connecticut
7,14.1,24.3,58.2,173.3,0.9,35.3,198.3,5.6,2.6,59.6,371.6,6.2,8.7,8.7,1.9,19.3,5.0,36.9,0.6,0.4,1.0,15.62,2.9,19.6,33.7,58.1,179.4,0.7,33.6,136.4,4.1,0.9,67.3,315.9,4.7,9.7,8.7,0.9,19.3,6.3,51.1,0.6,0.9,1.4,duke
7,17.3,34.4,50.2,161.0,0.4,32.9,115.9,3.5,1.3,67.3,276.9,4.1,7.4,7.3,1.3,16.0,7.3,62.9,0.3,1.1,1.4,-9.23,0.48,16.7,28.7,58.2,210.3,1.7,35.1,121.0,3.4,1.3,63.9,331.3,5.2,9.6,5.9,2.6,18.0,5.0,41.7,1.1,0.4,1.6,east-carolina
8,14.4,26.0,55.3,143.1,0.8,32.4,108.4,3.3,1.0,58.4,251.5,4.3,6.4,6.8,2.0,15.1,5.6,55.9,0.3,0.9,1.1,-10.28,-9.16,16.5,29.9,55.2,184.0,1.0,39.1,192.4,4.9,1.3,69.0,376.4,5.5,8.6,10.6,2.1,21.4,7.0,61.4,0.8,0.8,1.5,eastern-michigan
7,25.4,33.4,76.1,280.4,1.7,34.6,141.3,4.1,1.7,68.0,421.7,6.2,12.6,8.4,2.0,23.0,6.7,47.9,0.4,0.4,0.9,6.56,-0.72,15.3,25.6,59.8,187.6,1.4,29.0,124.9,4.3,1.1,54.6,312.4,5.7,7.9,5.6,1.4,14.9,6.3,50.3,0.3,0.3,0.6,florida
7,24.0,37.9,63.4,227.7,1.6,31.1,122.4,3.9,1.1,69.0,350.1,5.1,10.1,6.6,2.1,18.9,4.0,40.1,0.3,1.6,1.9,-3.54,-2.25,21.1,34.7,60.9,236.0,1.6,39.9,163.0,4.1,1.6,74.6,399.0,5.4,11.3,9.0,1.4,21.7,5.4,49.4,0.9,1.0,1.9,florida-atlantic
9,16.6,28.8,57.5,223.1,0.8,33.3,100.9,3.0,1.8,62.1,324.0,5.2,8.8,5.6,1.0,15.3,6.2,55.1,0.8,0.9,1.7,-12.49,-6.16,19.3,32.4,59.6,238.0,1.6,40.6,194.9,4.8,1.8,73.0,432.9,5.9,11.0,10.4,1.8,23.2,4.4,42.3,0.6,0.7,1.2,florida-international
7,21.1,32.1,65.8,271.4,2.6,32.4,173.7,5.4,2.4,64.6,445.1,6.9,11.6,8.3,1.6,21.4,6.9,59.0,0.3,0.3,0.6,23.21,5.64,16.0,31.9,50.2,200.7,0.4,34.7,149.3,4.3,1.3,66.6,350.0,5.3,8.6,8.1,2.1,18.9,7.7,60.3,0.6,0.7,1.3,florida-state
7,27.4,41.0,66.9,302.9,2.7,31.9,112.9,3.5,1.3,72.9,415.7,5.7,14.3,7.3,1.9,23.4,6.0,53.4,0.0,0.7,0.7,4.14,-7.29,18.7,33.0,56.7,215.1,1.6,34.4,114.4,3.3,0.9,67.4,329.6,4.9,10.1,7.7,2.3,20.1,6.0,54.1,0.6,1.4,2.0,fresno-state
7,27.1,37.4,72.5,337.0,2.0,34.0,172.4,5.1,2.7,71.4,509.4,7.1,15.7,9.4,1.7,26.9,4.6,42.1,0.6,0.7,1.3,12.94,-5.64,18.6,33.9,54.9,171.1,1.1,26.0,91.4,3.5,0.7,59.9,262.6,4.4,8.4,5.1,1.1,14.7,5.6,42.3,0.0,1.3,1.3,georgia
7,32.7,48.9,67.0,318.7,2.1,29.7,130.3,4.4,1.4,78.6,449.0,5.7,16.1,7.9,1.7,25.7,5.9,53.6,0.7,1.7,2.4,2.18,-3.1,19.4,32.4,59.9,251.7,1.1,31.4,121.6,3.9,2.0,63.9,373.3,5.8,10.9,6.3,0.7,17.9,5.9,56.9,0.7,1.3,2.0,georgia-southern
7,18.7,27.0,69.3,233.6,1.4,39.6,177.0,4.5,2.3,66.6,410.6,6.2,8.9,9.6,2.0,20.4,6.3,53.7,0.7,0.3,1.0,5.17,-3.4,23.0,35.6,64.7,275.4,1.6,32.4,118.9,3.7,1.0,68.0,394.3,5.8,11.6,6.4,1.9,19.9,7.1,62.0,0.6,0.9,1.4,georgia-state
7,19.4,32.9,59.1,265.0,2.4,33.3,169.1,5.1,1.4,66.1,434.1,6.6,11.6,8.7,1.6,21.9,5.9,50.7,0.4,1.4,1.9,0.18,1.89,16.7,28.1,59.4,225.0,1.0,42.9,227.7,5.3,2.4,71.0,452.7,6.4,9.1,11.4,1.7,22.3,6.0,55.1,0.9,1.1,2.0,georgia-tech
8,27.3,43.0,63.4,305.5,2.5,22.9,57.8,2.5,0.4,65.9,363.3,5.5,12.9,4.4,2.8,20.0,6.0,53.9,0.8,1.4,2.1,-13.65,-3.9,17.4,27.3,63.8,209.3,2.1,35.8,177.4,5.0,2.0,63.0,386.6,6.1,9.3,9.4,2.3,20.9,6.8,67.4,0.3,0.3,0.5,hawaii
7,25.4,38.4,66.2,291.0,2.4,31.3,116.9,3.7,1.1,69.7,407.9,5.9,13.3,6.6,1.7,21.6,5.6,50.9,0.1,0.6,0.7,0.96,3.81,20.6,32.9,62.6,260.1,1.7,37.1,159.1,4.3,2.1,70.0,419.3,6.0,11.3,9.9,1.0,22.1,6.4,59.6,0.4,1.0,1.4,houston
8,20.4,32.9,62.0,226.0,1.4,33.8,139.5,4.1,1.1,66.6,365.5,5.5,11.3,6.9,1.5,19.6,6.8,64.3,0.6,1.1,1.8,0.22,6.59,20.6,35.4,58.3,235.0,1.6,38.5,161.0,4.2,1.5,73.9,396.0,5.4,11.3,9.1,2.6,23.0,6.0,47.9,0.8,0.5,1.3,illinois
7,17.9,31.3,57.1,198.0,0.9,33.6,113.7,3.4,1.1,64.9,311.7,4.8,9.9,7.0,1.6,18.4,5.4,48.1,0.7,0.7,1.4,-3.22,5.5,15.9,26.0,61.0,191.7,1.4,37.4,174.4,4.7,2.0,63.4,366.1,5.8,8.3,10.1,1.1,19.6,5.9,49.1,0.0,0.9,0.9,indiana
8,10.4,23.5,44.1,116.5,0.8,32.9,115.9,3.5,1.0,56.4,232.4,4.1,5.0,5.3,1.8,12.0,3.5,29.5,0.9,0.8,1.6,8.75,4.25,21.9,38.6,56.6,189.3,1.0,36.6,125.5,3.4,0.1,75.3,314.8,4.2,9.1,7.9,1.1,18.1,6.8,58.6,0.4,1.0,1.4,iowa
7,18.7,30.6,61.2,211.6,1.7,31.0,117.3,3.8,0.7,61.6,328.9,5.3,9.0,5.7,1.1,15.9,4.7,43.7,0.0,0.7,0.7,6.56,3.27,18.6,34.4,53.9,198.1,1.4,34.0,131.1,3.9,0.6,68.4,329.3,4.8,9.3,7.9,1.7,18.9,3.9,32.6,0.0,1.7,1.7,iowa-state
9,14.0,26.7,52.5,159.7,0.9,47.6,217.2,4.6,2.6,74.2,376.9,5.1,7.6,11.6,1.9,21.0,4.7,40.3,0.4,0.6,1.0,2.23,-5.88,18.0,31.7,56.8,231.8,1.2,41.6,115.7,2.8,1.1,73.2,347.4,4.7,10.0,6.0,2.1,18.1,5.8,54.2,0.8,1.2,2.0,jacksonville-state
7,18.3,28.9,63.4,248.7,2.3,36.6,151.1,4.1,1.4,65.4,399.9,6.1,9.6,7.1,1.9,18.6,5.7,43.4,0.4,0.7,1.1,11.67,-0.9,23.9,40.4,59.0,290.6,1.4,29.1,36.1,1.2,0.9,69.6,326.7,4.7,12.1,3.7,1.1,17.0,5.9,53.9,0.3,1.6,1.9,james-madison
7,16.9,24.3,69.4,231.1,2.0,37.7,212.0,5.6,2.3,62.0,443.1,7.1,10.7,10.1,1.4,22.3,4.1,36.3,0.6,0.4,1.0,6.48,-0.1,20.9,31.6,66.1,235.0,1.3,34.4,161.1,4.7,2.0,66.0,396.1,6.0,12.1,7.6,1.3,21.0,4.3,36.3,0.3,1.0,1.3,kansas
7,19.9,31.7,62.6,242.0,2.0,41.4,232.7,5.6,2.9,73.1,474.7,6.5,10.7,12.1,1.4,24.3,5.1,47.3,0.0,1.0,1.0,15.7,3.27,22.4,37.7,59.5,254.3,1.0,29.7,108.9,3.7,0.7,67.4,363.1,5.4,11.7,5.0,1.9,18.6,5.4,47.1,0.3,0.9,1.1,kansas-state
8,12.3,24.0,51.0,142.5,0.6,39.1,117.3,3.0,0.6,63.1,259.8,4.1,6.6,6.9,1.1,14.6,5.4,45.1,0.4,0.6,1.0,-18.29,-3.04,16.0,27.3,58.7,214.9,2.0,37.5,160.6,4.3,2.1,64.8,375.5,5.8,9.8,8.0,2.1,19.9,4.8,37.4,0.3,0.6,0.9,kent-state
7,15.1,28.0,54.1,196.7,2.0,26.7,155.4,5.8,1.6,54.7,352.1,6.4,8.7,7.3,2.1,18.1,7.7,68.4,0.4,1.0,1.4,3.99,-3.72,24.0,35.6,67.5,250.9,1.7,31.1,95.7,3.1,1.0,66.7,346.6,5.2,11.9,5.9,2.1,19.9,6.1,55.6,0.6,1.0,1.6,kentucky
8,12.3,21.3,57.6,207.8,2.4,49.3,280.6,5.7,2.4,70.5,488.4,6.9,8.0,14.5,1.8,24.3,6.5,68.9,0.8,0.4,1.1,10.32,-4.55,20.0,35.8,55.9,233.1,2.0,28.4,117.4,4.1,0.6,64.1,350.5,5.5,9.5,7.4,2.4,19.3,6.0,54.9,0.4,2.0,2.4,liberty
7,17.0,27.4,62.0,209.4,1.9,36.9,215.6,5.8,2.3,64.3,425.0,6.6,8.7,9.9,1.7,20.3,5.9,49.3,1.1,1.0,2.1,0.78,-3.94,18.6,28.1,66.0,216.9,1.9,41.6,150.0,3.6,1.7,69.7,366.9,5.3,7.9,10.3,1.9,20.0,4.7,45.1,0.6,0.9,1.4,louisiana-lafayette
9,21.0,33.4,62.8,242.6,1.3,33.3,139.1,4.2,1.8,66.8,381.7,5.7,10.4,7.2,2.4,20.1,7.6,67.0,0.6,0.8,1.3,-7.25,-4.8,14.8,27.3,54.1,172.4,1.4,40.9,202.6,5.0,1.9,68.2,375.0,5.5,6.9,9.6,2.4,18.9,6.7,66.1,0.2,0.6,0.8,louisiana-tech
7,14.7,27.6,53.4,173.7,1.3,34.1,160.1,4.7,0.9,61.7,333.9,5.4,6.9,7.6,1.0,15.4,4.7,43.4,0.4,1.0,1.4,-8.5,-0.65,22.3,34.1,65.3,268.9,2.0,41.9,179.9,4.3,1.4,76.0,448.7,5.9,13.1,10.3,1.0,24.4,5.3,41.1,1.0,1.3,2.3,louisiana-monroe
7,20.1,31.4,64.1,285.7,2.0,37.0,175.0,4.7,2.3,68.4,460.7,6.7,11.0,9.1,2.0,22.1,6.4,49.1,0.4,1.1,1.6,8.49,-0.8,17.0,31.1,54.6,220.7,1.6,31.4,97.1,3.1,1.0,62.6,317.9,5.1,8.9,5.6,1.6,16.0,5.9,53.7,0.9,1.1,2.0,louisville
8,22.1,31.5,70.2,339.9,3.3,36.9,213.0,5.8,2.8,68.4,552.9,8.1,14.0,10.8,2.4,27.1,5.9,47.4,0.3,0.4,0.6,15.2,4.58,18.6,31.4,59.4,238.5,2.0,33.5,156.5,4.7,1.3,64.9,395.0,6.1,10.1,8.5,1.1,19.8,7.8,63.0,0.3,1.1,1.4,louisiana-state
7,23.3,34.7,67.1,251.7,1.1,37.3,133.1,3.6,1.9,72.0,384.9,5.3,11.6,6.9,2.6,21.0,5.6,53.1,1.0,0.9,1.9,-0.89,-1.46,17.9,31.9,56.1,192.1,1.3,35.3,183.1,5.2,1.9,67.1,375.3,5.6,7.9,7.7,1.4,17.0,7.4,66.6,0.1,1.3,1.4,marshall
7,23.4,37.1,63.1,281.4,2.3,31.3,140.9,4.5,1.9,68.4,422.3,6.2,12.3,8.6,1.7,22.6,4.9,51.3,0.1,0.7,0.9,10.92,-1.22,19.7,33.1,59.5,226.4,1.3,34.0,110.7,3.3,0.6,67.1,337.1,5.0,10.6,8.1,2.1,20.9,6.9,57.4,0.6,1.3,1.9,maryland
8,17.9,29.3,61.1,227.6,1.3,33.6,132.9,4.0,1.3,62.9,360.5,5.7,8.1,7.4,2.0,17.5,8.6,77.9,0.4,1.0,1.4,-12.61,0.52,14.4,23.5,61.2,223.3,2.6,37.0,223.4,6.0,2.5,60.5,446.6,7.4,9.0,10.0,3.1,22.1,6.9,67.4,0.6,0.6,1.3,massachusetts
7,23.4,35.4,66.1,266.4,2.1,34.4,149.7,4.3,2.1,69.9,416.1,6.0,12.0,8.0,1.0,21.0,4.4,44.9,0.3,1.0,1.3,8.26,-1.6,17.1,29.6,58.0,212.3,1.1,35.7,156.6,4.4,1.4,65.3,368.9,5.6,8.4,8.3,1.4,18.1,4.3,36.9,1.0,0.7,1.7,memphis
7,23.6,33.1,71.1,288.0,2.4,35.7,193.9,5.4,1.9,68.9,481.9,7.0,12.7,9.4,1.7,23.9,7.3,73.3,0.9,1.0,1.9,11.88,0.74,17.9,32.7,54.6,234.0,1.4,29.1,79.6,2.7,0.9,61.9,313.6,5.1,8.7,4.9,2.4,16.0,8.1,63.3,0.7,1.0,1.7,miami-fl
8,14.4,24.9,57.8,211.8,1.8,34.0,154.1,4.5,1.6,58.9,365.9,6.2,8.6,7.1,1.8,17.5,5.4,42.4,0.6,0.6,1.3,2.75,-6.0,18.1,29.9,60.7,195.5,1.1,36.6,135.8,3.7,1.0,66.5,331.3,5.0,9.0,7.9,1.8,18.6,7.4,66.9,0.1,0.6,0.8,miami-oh
8,18.9,24.5,77.0,247.4,2.5,36.9,174.3,4.7,2.5,61.4,421.6,6.9,12.0,8.9,1.5,22.4,2.9,24.8,0.1,0.5,0.6,24.93,0.93,13.3,24.5,54.1,141.0,0.4,29.8,85.8,2.9,0.3,54.3,226.8,4.2,5.8,5.4,0.4,11.5,5.5,47.9,0.4,1.4,1.8,michigan
7,19.4,33.9,57.4,217.6,1.1,32.7,107.9,3.3,1.0,66.6,325.4,4.9,9.3,7.7,2.3,19.3,8.0,71.1,1.1,1.3,2.4,0.41,5.98,19.4,31.4,61.8,238.9,2.1,33.1,115.6,3.5,0.7,64.6,354.4,5.5,10.3,7.1,2.6,20.0,5.9,61.4,0.4,0.9,1.3,michigan-state
8,25.8,37.6,68.4,276.0,1.9,31.8,117.9,3.7,1.3,69.4,393.9,5.7,11.1,6.8,2.0,19.9,7.3,62.4,0.9,1.0,1.9,-4.49,2.14,21.6,33.6,64.3,247.6,2.1,38.0,168.8,4.4,2.1,71.6,416.4,5.8,10.8,9.1,2.1,22.0,6.4,54.4,0.5,0.6,1.1,middle-tennessee-state
7,12.3,23.3,52.8,131.9,0.9,41.3,170.9,4.1,1.1,64.6,302.7,4.7,7.1,9.7,1.7,18.6,3.6,33.6,0.1,1.0,1.1,5.01,5.73,17.6,29.4,59.7,218.3,1.4,30.4,119.7,3.9,1.3,59.9,338.0,5.6,8.7,6.9,1.6,17.1,6.0,55.3,0.6,1.3,1.9,minnesota
7,17.3,27.7,62.4,203.0,1.7,32.3,148.1,4.6,1.4,60.0,351.1,5.9,9.4,6.3,1.3,17.0,5.1,46.1,0.4,0.7,1.1,2.1,2.53,22.9,31.6,72.4,239.7,1.6,35.6,127.6,3.6,1.4,67.1,367.3,5.5,9.7,7.3,1.4,18.4,5.3,45.4,0.6,0.9,1.4,mississippi-state
8,21.6,31.1,69.5,294.0,2.1,35.4,149.0,4.2,2.0,66.5,443.0,6.7,12.5,8.4,1.5,22.4,7.1,55.6,0.3,0.5,0.8,12.98,1.61,20.6,33.5,61.6,226.0,2.0,31.4,112.3,3.6,0.5,64.9,338.3,5.2,10.1,6.8,1.9,18.8,7.4,58.5,0.1,0.9,1.0,missouri
7,7.7,15.7,49.1,99.7,1.0,46.1,205.1,4.4,1.4,61.9,304.9,4.9,3.0,11.0,0.4,14.4,4.9,38.9,0.4,0.3,0.7,-1.94,-0.36,17.7,27.9,63.6,216.0,1.4,37.6,146.9,3.9,1.3,65.4,362.9,5.5,9.4,7.6,1.3,18.3,3.4,24.0,1.3,0.6,1.9,navy
7,11.1,21.3,52.3,133.7,0.9,39.9,195.1,4.9,1.6,61.1,328.9,5.4,6.0,10.0,0.9,16.9,5.9,50.0,1.0,1.1,2.1,3.61,2.75,22.4,37.0,60.6,237.0,1.3,30.0,76.6,2.6,0.9,67.0,313.6,4.7,10.7,5.7,1.6,18.0,5.6,47.1,0.3,0.7,1.0,nebraska
7,17.6,30.7,57.2,188.3,0.6,34.9,122.9,3.5,1.1,65.6,311.1,4.7,6.9,6.9,2.4,16.1,5.6,47.7,0.7,1.0,1.7,-13.71,-0.14,19.9,26.7,74.3,276.4,2.0,34.9,189.9,5.4,2.1,61.6,466.3,7.6,11.3,8.1,1.4,20.9,6.3,59.3,0.9,0.4,1.3,nevada
7,17.7,28.0,63.3,216.0,0.7,42.9,209.6,4.9,3.1,70.9,425.6,6.0,10.1,9.9,1.9,21.9,7.1,61.9,0.3,0.6,0.9,4.0,-6.43,19.0,32.3,58.8,277.1,1.6,34.1,128.9,3.8,1.6,66.4,406.0,6.1,10.9,7.0,2.4,20.3,5.1,46.7,0.7,1.4,2.1,nevada-las-vegas
7,16.6,28.0,59.2,216.7,1.9,34.7,179.7,5.2,2.1,62.7,396.4,6.3,10.9,8.7,2.6,22.1,9.9,91.3,0.3,0.7,1.0,-6.68,-4.53,18.1,29.1,62.3,256.6,2.4,31.0,166.0,5.4,1.3,60.1,422.6,7.0,10.4,7.4,2.9,20.7,8.3,72.7,0.4,0.4,0.9,new-mexico
9,14.6,24.0,60.6,221.7,2.0,33.9,205.2,6.1,1.7,57.9,426.9,7.4,8.8,9.4,1.4,19.7,5.4,56.9,0.3,0.6,0.9,-2.78,-9.33,20.2,32.3,62.5,243.0,1.0,33.4,128.7,3.8,1.6,65.8,371.7,5.7,10.8,7.8,1.7,20.2,6.1,51.6,0.6,0.2,0.8,new-mexico-state
7,24.3,37.4,64.9,321.3,2.0,40.0,178.4,4.5,2.1,77.4,499.7,6.5,12.6,11.0,2.0,25.6,6.4,63.6,0.1,0.7,0.9,14.2,2.35,21.1,35.3,59.9,240.4,1.0,34.7,130.1,3.7,1.6,70.0,370.6,5.3,12.3,7.3,2.1,21.7,6.7,53.7,0.6,1.4,2.0,north-carolina
7,19.3,33.4,57.7,204.1,1.3,36.0,143.3,4.0,1.6,69.4,347.4,5.0,9.0,8.4,1.6,19.0,7.0,58.9,0.1,1.4,1.6,1.14,1.29,16.4,29.1,56.4,222.0,1.7,31.7,110.9,3.5,1.0,60.9,332.9,5.5,8.7,5.6,1.9,16.1,6.9,58.6,0.6,1.1,1.7,north-carolina-state
7,23.6,37.1,63.5,290.9,2.6,36.9,179.3,4.9,1.9,74.0,470.1,6.4,12.6,10.4,1.0,24.0,3.6,38.6,0.7,0.7,1.4,-6.63,-6.63,16.0,27.9,57.4,203.0,2.0,45.7,255.0,5.6,2.7,73.6,458.0,6.2,9.1,12.9,1.0,23.0,5.1,38.6,0.6,1.1,1.7,north-texas
8,17.3,29.6,58.2,189.3,1.1,34.6,154.3,4.5,1.8,64.3,343.5,5.3,9.0,7.0,1.6,17.6,4.9,44.1,0.4,0.8,1.1,-5.3,-5.55,15.8,27.8,56.8,163.6,0.9,36.1,146.8,4.1,1.8,63.9,310.4,4.9,7.3,9.1,1.6,18.0,6.3,61.4,0.4,1.1,1.5,northern-illinois
7,19.1,32.0,59.8,199.4,1.4,33.9,99.9,2.9,1.0,65.9,299.3,4.5,8.4,7.1,1.6,17.1,5.1,42.4,0.1,0.7,0.9,-1.9,3.1,15.7,25.6,61.5,174.7,1.0,39.3,171.0,4.4,2.3,64.9,345.7,5.3,8.1,9.4,0.9,18.4,4.4,37.4,0.3,0.7,1.0,northwestern
8,17.9,27.6,64.7,249.3,2.5,33.4,165.3,5.0,1.8,61.0,414.5,6.8,10.4,8.8,0.9,20.0,5.9,51.1,0.5,0.4,0.9,16.13,3.13,14.5,27.9,52.0,153.1,0.6,36.5,129.9,3.6,1.1,64.4,283.0,4.4,7.6,6.6,2.5,16.8,5.0,39.8,0.5,1.1,1.6,notre-dame
8,19.3,31.8,60.6,206.9,1.6,37.0,142.1,3.8,0.8,68.8,349.0,5.1,10.5,8.6,2.4,21.5,5.0,48.6,0.4,1.1,1.5,1.27,-7.35,18.9,30.5,61.9,179.3,1.0,25.6,80.3,3.1,0.4,56.1,259.5,4.6,8.0,4.6,1.8,14.4,6.1,61.5,0.4,1.3,1.6,ohio
7,20.4,32.6,62.7,304.9,2.0,33.0,127.0,3.8,1.9,65.6,431.9,6.6,13.6,6.3,2.3,22.1,6.6,52.4,0.7,0.3,1.0,22.29,4.15,16.9,32.7,51.5,159.6,0.7,33.4,100.6,3.0,0.4,66.1,260.1,3.9,7.9,6.1,1.6,15.6,5.4,49.7,0.3,0.7,1.0,ohio-state
7,25.6,35.4,72.2,328.6,3.0,41.1,168.3,4.1,2.1,76.6,496.9,6.5,14.7,10.3,2.7,27.7,6.4,54.0,0.3,0.4,0.7,20.49,3.78,20.7,35.1,58.9,240.4,1.1,35.4,118.7,3.4,0.3,70.6,359.1,5.1,10.0,7.0,1.7,18.7,6.7,48.7,0.4,1.7,2.1,oklahoma
7,23.3,39.4,59.1,238.7,1.3,32.3,165.7,5.1,1.7,71.7,404.4,5.6,11.4,7.9,0.7,20.0,5.6,44.9,0.3,0.7,1.0,5.2,1.77,18.6,31.1,59.6,249.4,2.3,36.3,155.1,4.3,1.1,67.4,404.6,6.0,9.7,8.4,0.9,19.0,5.4,40.3,0.4,1.0,1.4,oklahoma-state
7,13.3,24.6,54.1,197.0,1.4,35.7,161.3,4.5,1.3,60.3,358.3,5.9,7.0,7.7,1.4,16.1,5.9,54.1,0.7,1.1,1.9,-4.24,-3.52,21.1,32.3,65.5,239.4,1.9,42.4,131.4,3.1,0.9,74.7,370.9,5.0,11.7,7.9,1.9,21.4,6.7,57.7,0.7,0.4,1.1,old-dominion
7,18.6,29.3,63.4,291.1,2.1,40.6,189.0,4.7,2.6,69.9,480.1,6.9,11.7,10.0,1.1,22.9,7.4,65.1,0.1,0.6,0.7,14.74,4.45,20.1,32.1,62.7,241.6,1.6,39.9,130.6,3.3,1.3,72.0,372.1,5.2,10.9,7.7,1.6,20.1,5.4,40.3,0.6,1.0,1.6,mississippi
7,28.6,36.1,79.1,326.1,3.0,33.3,225.4,6.8,3.0,69.4,551.6,7.9,14.0,11.6,1.9,27.4,6.9,60.0,0.0,0.1,0.1,15.3,-0.55,22.0,35.1,62.6,217.4,1.6,29.1,95.1,3.3,0.4,64.3,312.6,4.9,9.4,6.0,2.3,17.7,6.3,53.0,0.3,0.7,1.0,oregon
7,17.4,28.3,61.6,249.1,2.6,35.7,195.1,5.5,2.1,64.0,444.3,6.9,10.6,10.3,1.0,21.9,6.7,60.3,0.3,0.6,0.9,14.32,0.6,20.0,33.7,59.3,220.4,1.4,33.0,123.3,3.7,1.1,66.7,343.7,5.2,9.1,8.4,2.4,20.0,4.7,32.9,0.7,1.0,1.7,oregon-state
7,20.4,33.9,60.3,218.7,2.3,42.0,181.3,4.3,2.4,75.9,400.0,5.3,11.0,11.3,2.1,24.4,5.1,44.6,0.4,0.0,0.4,18.52,0.24,14.3,27.7,51.5,144.7,0.3,31.7,73.4,2.3,0.9,59.4,218.1,3.7,6.3,4.9,1.6,12.7,5.6,45.1,1.1,1.0,2.1,penn-state
7,15.6,30.0,51.9,209.3,1.6,32.4,111.6,3.4,1.1,62.4,320.9,5.1,8.7,6.7,1.7,17.1,8.9,71.7,0.4,0.7,1.1,-1.36,1.21,16.0,25.3,63.3,195.3,1.4,40.4,126.4,3.1,1.6,65.7,321.7,4.9,8.9,7.3,3.0,19.1,5.0,49.0,0.6,0.7,1.3,pittsburgh
7,21.4,35.6,60.2,232.1,1.0,37.0,139.1,3.8,1.9,72.6,371.3,5.1,11.3,8.4,2.4,22.1,6.1,54.9,0.7,0.7,1.4,1.72,7.86,17.6,32.0,54.9,241.9,1.7,36.3,153.6,4.2,2.0,68.3,395.4,5.8,10.6,8.1,2.4,21.1,7.1,60.0,0.4,0.9,1.3,purdue
7,23.4,36.6,64.1,319.9,2.6,28.6,92.4,3.2,2.0,65.1,412.3,6.3,12.3,5.9,1.9,20.0,5.6,43.4,0.7,0.7,1.4,-0.96,-3.53,17.7,30.4,58.2,242.6,1.6,37.0,141.0,3.8,1.6,67.4,383.6,5.7,11.1,6.6,1.9,19.6,6.6,57.0,0.7,0.4,1.1,rice
8,11.9,23.3,51.1,148.4,1.0,39.9,178.8,4.5,2.4,63.1,327.1,5.2,6.5,10.9,1.1,18.5,4.5,41.4,0.4,0.5,0.9,9.44,0.31,16.6,30.0,55.4,156.3,1.0,33.8,120.5,3.6,0.8,63.8,276.8,4.3,7.0,8.9,1.8,17.6,4.5,40.1,0.9,0.6,1.5,rutgers
8,22.1,36.0,61.5,210.9,1.3,29.1,81.1,2.8,0.8,65.1,292.0,4.5,10.0,5.4,1.5,16.9,5.5,47.4,0.1,1.0,1.1,-11.15,0.1,17.3,28.4,60.8,205.9,1.3,40.3,183.0,4.5,2.1,68.6,388.9,5.7,8.5,9.9,1.0,19.4,6.9,60.4,0.5,0.4,0.9,sam-houston-state
8,15.5,25.4,61.1,170.5,0.8,37.1,145.9,3.9,1.4,62.5,316.4,5.1,7.4,8.3,0.9,16.5,5.4,47.4,0.8,0.9,1.6,-8.22,-1.09,18.1,34.1,53.1,257.0,1.6,33.4,161.8,4.8,1.6,67.5,418.8,6.2,10.3,9.8,1.9,21.9,5.0,42.8,0.6,1.1,1.8,san-diego-state
8,19.4,31.9,60.8,227.3,1.5,30.9,161.3,5.2,2.6,62.8,388.5,6.2,9.4,9.0,2.3,20.6,5.8,45.5,0.4,0.4,0.8,-0.82,1.43,15.3,24.4,62.6,182.9,1.6,40.3,196.9,4.9,2.4,64.6,379.8,5.9,9.0,10.5,0.5,20.0,7.4,63.0,0.9,0.8,1.6,san-jose-state
7,20.9,35.4,58.9,273.4,2.7,37.4,164.4,4.4,1.4,72.9,437.9,6.0,12.0,8.4,3.1,23.6,4.7,41.3,0.3,0.7,1.0,6.76,-4.24,17.3,30.0,57.6,172.6,1.3,37.1,113.0,3.0,0.6,67.1,285.6,4.3,8.6,6.4,2.0,17.0,6.9,67.4,0.1,0.6,0.7,southern-methodist
7,21.1,31.4,67.3,271.9,1.7,36.7,176.1,4.8,2.9,68.1,448.0,6.6,11.9,10.0,1.6,23.4,7.0,61.4,0.4,0.9,1.3,4.7,-3.16,15.3,26.7,57.2,198.1,1.4,34.7,114.3,3.3,0.9,61.4,312.4,5.1,7.7,5.9,2.0,15.6,5.9,52.4,0.9,0.9,1.7,south-alabama
7,24.7,35.0,70.6,298.7,1.9,31.7,93.7,3.0,1.4,66.7,392.4,5.9,11.9,5.6,1.9,19.3,7.0,50.7,0.4,0.7,1.1,-0.08,6.06,23.9,36.4,65.5,305.0,1.4,35.7,141.7,4.0,2.1,72.1,446.7,6.2,13.0,9.0,0.9,22.9,6.1,50.9,0.1,0.9,1.0,south-carolina
8,21.3,34.9,60.9,246.6,1.5,45.0,190.9,4.2,2.0,79.9,437.5,5.5,9.0,11.5,2.3,22.8,7.6,69.1,1.0,0.8,1.8,-6.01,-2.51,21.5,34.8,61.9,288.8,2.1,35.3,155.4,4.4,2.3,70.0,444.1,6.3,10.3,8.4,2.4,21.0,7.4,57.6,0.9,0.8,1.6,south-florida
7,16.7,32.1,52.0,189.9,1.0,36.4,136.6,3.7,1.0,68.6,326.4,4.8,8.6,7.9,2.9,19.3,6.3,44.0,0.4,0.9,1.3,-8.41,1.59,13.7,23.3,58.9,229.0,1.6,37.3,202.3,5.4,3.1,60.6,431.3,7.1,9.4,9.9,0.7,20.0,5.6,54.4,0.4,0.6,1.0,southern-mississippi
7,19.0,33.6,56.6,234.4,1.1,36.1,127.4,3.5,1.1,69.7,361.9,5.2,10.3,7.4,2.6,20.3,7.0,63.3,0.4,0.6,1.0,-7.1,2.33,26.4,38.0,69.5,315.9,2.7,33.4,150.0,4.5,2.1,71.4,465.9,6.5,14.4,9.9,1.4,25.7,8.1,73.9,0.0,0.4,0.4,stanford
7,18.7,30.7,60.9,232.1,1.6,38.3,167.0,4.4,1.9,69.0,399.1,5.8,10.1,8.3,2.3,20.7,7.0,65.0,0.7,1.0,1.7,3.92,2.35,23.0,37.0,62.2,255.7,1.3,37.0,125.0,3.4,1.4,74.0,380.7,5.1,10.6,7.4,2.6,20.6,6.4,63.6,0.9,0.9,1.7,syracuse
8,22.5,41.8,53.9,248.1,1.5,29.3,100.4,3.4,0.9,71.0,348.5,4.9,12.6,5.5,2.3,20.4,4.8,35.4,0.6,1.1,1.8,-15.1,-2.35,18.5,28.6,64.6,247.5,2.5,41.8,206.5,4.9,2.3,70.4,454.0,6.5,11.1,10.8,1.4,23.3,5.4,51.0,0.3,0.1,0.4,temple
7,20.3,32.6,62.3,220.9,1.7,39.1,217.3,5.6,1.9,71.7,438.1,6.1,10.1,10.6,0.7,21.4,8.0,67.1,0.6,0.6,1.1,11.94,2.51,20.6,31.6,65.2,201.0,0.9,36.3,109.9,3.0,1.1,67.9,310.9,4.6,8.4,6.0,2.3,16.7,5.4,40.7,0.4,1.0,1.4,tennessee
7,22.6,32.1,70.2,289.0,1.9,38.4,179.4,4.7,2.0,70.6,468.4,6.6,13.3,8.7,1.0,23.0,5.1,43.4,0.6,0.4,1.0,21.72,7.01,19.7,34.1,57.7,234.9,1.1,30.9,98.3,3.2,0.7,65.0,333.1,5.1,10.4,5.6,1.3,17.3,4.3,33.0,0.4,1.0,1.4,texas
7,21.3,34.1,62.3,268.1,2.1,32.3,131.9,4.1,1.3,66.4,400.0,6.0,11.6,7.1,2.6,21.3,7.4,56.1,0.6,0.9,1.4,11.72,4.86,13.3,24.3,54.7,172.7,1.4,34.6,105.1,3.0,0.1,58.9,277.9,4.7,7.3,5.7,1.6,14.6,8.9,80.3,0.3,0.6,0.9,texas-am
8,25.6,40.5,63.3,289.5,2.3,36.6,175.4,4.8,1.1,77.1,464.9,6.0,14.1,10.6,0.8,25.5,6.5,54.3,0.3,1.4,1.6,7.32,2.69,18.0,32.8,55.0,230.8,1.1,37.9,148.8,3.9,1.4,70.6,379.5,5.4,9.5,8.3,2.1,19.9,4.8,35.0,0.4,0.8,1.1,texas-christian
7,22.3,32.4,68.7,282.6,2.0,39.7,207.0,5.2,2.9,72.1,489.6,6.8,11.9,11.6,1.1,24.6,6.6,60.4,1.1,0.6,1.7,0.74,-6.83,20.9,33.4,62.4,248.0,1.6,40.4,161.6,4.0,1.7,73.9,409.6,5.5,10.3,9.6,2.6,22.4,5.3,42.1,1.0,0.6,1.6,texas-state
8,21.3,36.9,57.6,231.4,2.1,36.8,176.0,4.8,1.4,73.6,407.4,5.5,10.8,10.1,1.6,22.5,5.4,53.0,0.5,1.5,2.0,5.07,2.94,21.0,33.6,62.5,219.3,1.5,36.8,147.3,4.0,1.1,70.4,366.5,5.2,9.8,8.3,1.9,19.9,4.9,42.6,0.4,0.6,1.0,texas-tech
8,17.0,26.8,63.6,209.1,2.3,42.4,232.5,5.5,2.3,69.1,441.6,6.4,10.1,10.6,2.0,22.8,7.1,63.5,0.8,0.6,1.4,2.91,-7.09,15.8,28.5,55.3,183.0,0.9,36.4,150.4,4.1,1.1,64.9,333.4,5.1,8.5,8.4,2.0,18.9,6.5,56.5,0.6,1.0,1.6,toledo
7,18.3,30.4,60.1,259.3,1.6,37.1,185.6,5.0,1.1,67.6,444.9,6.6,9.9,8.3,1.6,19.7,6.0,52.3,1.3,0.6,1.9,9.56,1.27,17.7,29.0,61.1,184.0,0.9,33.1,97.3,2.9,1.0,62.1,281.3,4.5,7.9,6.4,1.3,15.6,4.1,32.9,0.9,0.7,1.6,troy
7,15.9,25.1,63.1,229.4,2.1,39.4,169.1,4.3,1.6,64.6,398.6,6.2,9.4,9.7,1.0,20.1,5.4,52.7,1.1,0.6,1.7,8.69,-1.88,24.9,37.3,66.7,263.1,1.3,29.3,78.4,2.7,0.9,66.6,341.6,5.1,12.6,5.4,2.0,20.0,5.0,43.1,0.7,1.3,2.0,tulane
7,13.9,23.7,58.4,184.3,1.7,45.9,187.9,4.1,1.1,69.6,372.1,5.3,8.4,9.9,1.1,19.4,4.4,37.0,0.6,1.9,2.4,-4.16,-0.59,23.0,34.9,66.0,280.4,2.0,32.7,135.0,4.1,1.9,67.6,415.4,6.1,12.6,7.4,1.6,21.6,4.1,40.4,0.6,1.0,1.6,tulsa
8,26.9,37.6,71.4,278.9,1.8,35.1,152.9,4.4,2.1,72.8,431.8,5.9,12.1,9.8,1.6,23.5,6.0,50.4,0.8,1.3,2.0,-7.5,1.25,20.3,30.9,65.6,217.8,1.9,37.6,201.1,5.3,2.9,68.5,418.9,6.1,10.0,11.3,2.0,23.3,5.8,50.1,1.1,0.8,1.9,alabama-birmingham
7,17.6,28.0,62.8,267.1,2.0,41.3,232.4,5.6,2.1,69.3,499.6,7.2,10.1,11.7,1.6,23.4,6.7,54.7,0.6,0.9,1.4,1.07,0.49,16.6,29.7,55.8,199.0,1.0,40.7,196.0,4.8,2.3,70.4,395.0,5.6,10.3,10.3,1.9,22.4,4.0,34.9,0.1,0.7,0.9,central-florida
7,17.4,31.7,55.0,248.9,1.9,42.7,215.6,5.0,2.3,74.4,464.4,6.2,10.4,10.9,1.9,23.1,6.6,51.4,0.4,1.4,1.9,11.2,0.49,19.6,34.3,57.1,214.0,1.1,30.9,68.6,2.2,0.1,65.1,282.6,4.3,9.9,4.6,1.3,15.7,5.7,52.6,1.0,1.3,2.3,ucla
8,23.8,34.1,69.6,323.3,3.0,28.6,157.9,5.5,2.6,62.8,481.1,7.7,14.5,7.5,2.0,24.0,8.3,74.3,0.8,0.5,1.3,10.19,1.56,19.8,32.5,60.8,243.4,2.5,37.6,164.3,4.4,1.1,70.1,407.6,5.8,9.4,9.6,2.5,21.5,6.0,49.9,0.5,0.6,1.1,southern-california
7,13.0,23.3,55.8,161.7,1.0,44.1,183.3,4.2,1.6,67.4,345.0,5.1,6.6,10.1,1.4,18.1,5.1,38.4,0.1,0.4,0.6,12.4,3.25,17.6,31.7,55.4,217.4,0.7,26.3,78.0,3.0,1.0,58.0,295.4,5.1,8.7,3.9,1.1,13.7,7.3,52.6,0.6,1.0,1.6,utah
8,22.1,35.3,62.8,287.4,3.1,35.5,163.8,4.6,1.3,70.8,451.1,6.4,11.8,8.8,1.8,22.3,7.0,61.8,0.5,1.6,2.1,-1.17,0.33,20.6,34.1,60.4,234.5,2.0,41.4,174.5,4.2,2.4,75.5,409.0,5.4,10.4,11.4,2.1,23.9,5.6,46.9,1.0,1.0,2.0,utah-state
9,14.0,26.3,53.2,201.4,1.0,38.7,159.9,4.1,1.3,65.0,361.3,5.6,8.1,7.9,2.6,18.6,7.1,64.0,0.3,1.0,1.3,-12.18,-4.4,15.9,27.2,58.4,204.9,1.2,35.9,180.2,5.0,2.2,63.1,385.1,6.1,8.3,8.9,2.3,19.6,6.9,63.4,0.2,0.4,0.7,texas-el-paso
7,23.1,34.7,66.7,238.4,2.0,38.1,155.9,4.1,1.7,72.9,394.3,5.4,11.4,10.0,1.1,22.6,5.9,47.7,0.6,1.1,1.7,1.5,-2.5,21.0,35.6,59.0,241.1,1.4,36.9,130.0,3.5,1.4,72.4,371.1,5.1,11.4,6.9,1.6,19.9,4.3,35.0,0.6,0.6,1.1,texas-san-antonio
8,19.8,34.8,56.8,265.8,2.4,25.4,83.3,3.3,1.0,60.1,349.0,5.8,10.6,4.9,2.0,17.5,4.9,42.6,0.6,1.1,1.8,-7.42,0.96,24.3,35.3,68.8,263.4,2.0,35.0,174.1,5.0,1.6,70.3,437.5,6.2,12.1,8.8,1.8,22.6,7.5,61.0,0.4,1.1,1.5,vanderbilt
7,18.7,29.9,62.7,243.4,1.6,39.1,117.9,3.0,1.3,69.0,361.3,5.2,10.4,8.3,1.9,20.6,6.6,53.7,0.4,1.3,1.7,-2.37,4.49,18.9,31.3,60.3,223.4,1.6,38.3,172.1,4.5,2.1,69.6,395.6,5.7,9.6,10.6,1.6,21.7,5.9,55.0,0.6,0.6,1.1,virginia
7,17.1,30.3,56.6,219.6,1.6,37.7,140.3,3.7,1.1,68.0,359.9,5.3,9.3,8.1,2.0,19.4,6.7,62.7,0.7,0.4,1.1,3.58,3.86,15.7,26.9,58.5,169.4,1.1,36.9,172.1,4.7,1.7,63.7,341.6,5.4,7.1,8.6,1.9,17.6,6.3,50.4,0.7,0.6,1.3,virginia-tech
7,18.0,30.3,59.4,218.3,1.4,41.3,145.1,3.5,0.9,71.6,363.4,5.1,9.4,10.7,3.0,23.1,3.9,35.4,1.1,1.1,2.3,-0.84,-2.55,20.0,33.0,60.6,238.6,1.4,33.0,128.3,3.9,0.7,66.0,366.9,5.6,9.6,7.1,0.6,17.3,7.9,71.9,0.7,0.9,1.6,wake-forest
7,27.6,39.0,70.7,403.3,3.0,23.7,103.9,4.4,1.9,62.7,507.1,8.1,16.4,6.0,2.3,24.7,7.7,81.0,0.6,0.9,1.4,18.6,1.74,23.9,41.4,57.6,250.0,1.4,33.1,136.7,4.1,1.0,74.6,386.7,5.2,11.7,8.3,3.6,23.6,6.1,53.3,0.0,1.3,1.3,washington
7,27.9,39.9,69.9,352.1,2.4,28.6,87.9,3.1,1.4,68.4,440.0,6.4,13.9,6.4,1.6,21.9,5.7,43.3,1.0,0.7,1.7,8.0,5.43,23.1,37.1,62.3,275.4,1.3,34.4,161.6,4.7,2.3,71.6,437.0,6.1,11.7,8.6,1.1,21.4,5.7,49.4,0.4,0.7,1.1,washington-state
7,13.9,25.9,53.6,202.6,1.4,44.7,191.4,4.3,2.3,70.6,394.0,5.6,8.0,11.0,2.1,21.1,4.6,43.7,0.7,0.6,1.3,3.2,2.49,18.3,32.7,55.9,223.7,2.0,33.4,142.1,4.3,1.1,66.1,365.9,5.5,9.9,7.7,1.1,18.7,6.1,53.6,0.1,0.9,1.0,west-virginia
8,26.3,43.1,60.9,292.8,2.6,24.5,102.6,4.2,1.0,67.6,395.4,5.8,12.9,5.1,1.4,19.4,4.9,40.5,0.5,0.8,1.3,3.29,1.04,19.8,33.3,59.4,248.5,1.5,43.9,218.6,5.0,2.1,77.1,467.1,6.1,10.5,12.0,1.4,23.9,6.4,56.4,1.1,1.1,2.3,western-kentucky
8,21.5,34.1,63.0,215.9,1.1,39.5,160.5,4.1,1.9,73.6,376.4,5.1,9.3,8.5,2.5,20.3,7.3,67.3,0.4,0.8,1.1,-9.14,-1.27,19.5,31.5,61.9,249.3,2.1,34.4,155.8,4.5,2.0,65.9,405.0,6.1,10.9,7.5,2.8,21.1,6.9,62.5,0.6,0.6,1.3,western-michigan
7,21.7,36.0,60.3,216.6,0.7,37.0,180.3,4.9,2.3,73.0,396.9,5.4,10.0,10.3,1.1,21.4,5.9,47.3,1.0,0.6,1.6,12.12,3.12,19.9,34.0,58.4,196.3,1.3,34.0,137.9,4.1,0.9,68.0,334.1,4.9,9.3,7.0,0.9,17.1,6.3,57.9,0.3,1.1,1.4,wisconsin
7,14.6,24.4,59.6,160.3,1.7,35.6,164.4,4.6,1.3,60.0,324.7,5.4,7.9,8.4,2.3,18.6,4.0,33.4,0.4,0.4,0.9,4.71,2.42,20.1,34.0,59.2,208.4,1.7,36.9,172.0,4.7,0.9,70.9,380.4,5.4,11.3,9.1,1.0,21.4,5.1,47.3,0.9,0.7,1.6,wyoming
